{
  "initial:before": {
    "loopback#favicon": {}
  },
  "initial": {
    "compression": {},
    "cors": {
      "params": {
        "origin": true,
        "credentials": true,
        "maxAge": 86400
      }
    }
  },
  "session": {},
  "auth": {},
  "parse": {
    "body-parser#json": {},
    "body-parser#urlencoded": {"params": { "extended": true }}
  },
  "routes": {
    "loopback#rest": {
      "paths": [
        "${restApiRoot}"
      ]
    }
  },
  "files": {},
  "final": {
    "loopback#urlNotFound": {}
  },
  "final:after": {
    "strong-error-handler": {}
  }
}
