{
  "_meta": {
    "sources": [
      "../common/models",
      "../server/models",
      "./models",
      "../node_modules/loopback-component-passport/lib/models"
    ]
  },
  "user": {
    "dataSource": "groceryDS",
    "public": true
  },
  "accessToken": {
    "dataSource": "groceryDS",
    "public": false
  },
  "userCredential": {
    "dataSource": "groceryDS",
    "public": false
  },
  "userIdentity": {
    "dataSource": "groceryDS",
    "public": false
  },
  "ACL": {
    "dataSource": "groceryDS",
    "public": false
  },
  "RoleMapping": {
    "dataSource": "groceryDS",
    "public": false
  },
  "Role": {
    "dataSource": "groceryDS",
    "public": false
  },
  "Department": {
    "dataSource": "groceryDS",
    "public": true
  },
  "Grocery": {
    "dataSource": "groceryDS",
    "public": true
  },
  "Ingredient": {
    "dataSource": "groceryDS",
    "public": true
  },
  "Item": {
    "dataSource": "groceryDS",
    "public": true
  },
  "userFav": {
    "dataSource": "groceryDS",
    "public": true
  },
  "userGrocery": {
    "dataSource": "groceryDS",
    "public": true
  }
}
