{
  "name": "groceristar",
  "version": "2.0.0",
  "main": "server/server.js",
  "engines": {
    "node": "8.1.4"
  },
  "scripts": {
    "start": "node server/server.js",
    "lint": "eslint .",
    "posttest": "npm run lint",
    "watch": "nodemon server/server.js",
    "test": "mocha",
    "import": "node bin/import/import.js"
  },
  "dependencies": {
    "body-parser": "^1.9.0",
    "compression": "^1.0.11",
    "connect-ensure-login": "^0.1.1",
    "cookie-parser": "^1.3.2",
    "cors": "^2.8.1",
    "express-flash": "0.0.2",
    "express-session": "^1.7.6",
    "loopback": "^3.0.0",
    "loopback-boot": "^2.0.0",
    "loopback-component-explorer": "^4.2.0",
    "loopback-component-passport": "^3.4.0",
    "loopback-connector-mongodb": "^3.2.1",
    "passport": "^0.3.2",
    "passport-facebook": "^2.1.1",
    "passport-google-oauth": "^1.0.0",
    "passport-ldapauth": "^2.0.0",
    "passport-local": "^1.0.0",
    "passport-oauth2": "^1.1.2",
    "passport-twitter": "^1.0.2",
    "pug": "^2.0.0-rc.3",
    "serve-favicon": "^2.0.1",
    "strong-error-handler": "^2.2.0"
  },
  "repository": {
    "type": "git",
    "url": "https://github.com/atherdon/loopback-fb-login"
  },
  "license": "MIT"
}
