{
  "local": {
    "provider": "local",
    "module": "passport-local",
    "usernameField": "username",
    "passwordField": "password",
    "authPath": "/auth/local",
    "successRedirect": "/auth/account",
    "failureRedirect": "/local",
    "failureFlash": true
  },
  "facebook-login": {
    "provider": "facebook",
    "module": "passport-facebook",
    "profileFields": [          
      "locale",
      "name",
      "timezone",      
      "email"       
    ],
    "clientID": "1346208388827737",
    "clientSecret": "0d3c819091738111cde679138eeff176",
    "callbackURL": "/auth/facebook/callback",
    "authPath": "/auth/facebook",
    "callbackPath": "/auth/facebook/callback",
    "successRedirect": "/auth/account",
    "failureRedirect": "/login",
    "scope": ["email"],
    "failureFlash": true
  },
  "facebook-link": {
    "provider": "facebook",
    "module": "passport-facebook",
    "clientID": "1346208388827737",
    "clientSecret": "0d3c819091738111cde679138eeff176",
    "callbackURL": "/link/facebook/callback",
    "authPath": "/link/facebook",
    "callbackPath": "/link/facebook/callback",
    "successRedirect": "/auth/account",
    "failureRedirect": "/login",
    "scope": ["email", "user_likes"],
    "link": true,
    "failureFlash": true
  }
}