{
  "name": "Ingredient",
  "plural": "ingredient",
  "base": "PersistedModel",
  "idInjection": true,
  "options": {
    "validateUpsert": true
  },
  "properties": {
    "name": {
      "type": "string",
      "required": true
    },
    "description": {
      "type": "string",
      "required": false
    },
    "custom": {
      "type": "boolean",
      "required": false,
      "default": false
    },
    "created_at": {
      "type": "date",
      "required": true
    },
    "updated_at": {
      "type": "date",
      "required": true
    }
  },
  "validations": [],
  "relations": {
    "department": {
      "type": "belongsTo",
      "model": "Department",
      "foreignKey": "departmentId"
    }
  },
  "acls": [],
  "methods": {}
}
