{
  "name": "Item",
  "plural": "item",
  "base": "PersistedModel",
  "idInjection": true,
  "options": {
    "validateUpsert": true
  },
  "properties": {
    "name": {
      "type": "string",
      "required": true
    },
    "description": {
      "type": "string",
      "required": true
    },
    "quantity": {
      "type": "number",
      "required": true
    },
    "purchase": {
      "type": "boolean",
      "required": true,
      "default": false
    }
  },
  "validations": [],
  "relations": {},
  "acls": [],
  "methods": {}
}
